{
    "video_id": "2025-05-31_14-01-37_UTC",
    "vibes": [
        "Boho",
        "Coquette",
        "Y2K"
    ],
    "products": [
        {
            "frame": 0,
            "type": "dress",
            "color": "Pale Silver",
            "matched_product_id": "42032",
            "match_type": "exact",
            "confidence": 0.9129999876022339
        },
        {
            "frame": 0,
            "type": "top",
            "color": "Pastel Gray",
            "matched_product_id": "15102",
            "match_type": "similar",
            "confidence": 0.8679999709129333
        },
        {
            "frame": 11,
            "type": "dress",
            "color": "Pale Silver",
            "matched_product_id": "118461",
            "match_type": "exact",
            "confidence": 0.9210000038146973
        },
        {
            "frame": 11,
            "type": "bottom",
            "color": "Pale Silver",
            "matched_product_id": "42032",
            "match_type": "exact",
            "confidence": 0.9160000085830688
        },
        {
            "frame": 22,
            "type": "dress",
            "color": "Pale Silver",
            "matched_product_id": "118461",
            "match_type": "exact",
            "confidence": 0.921999990940094
        },
        {
            "frame": 34,
            "type": "dress",
            "color": "Pastel Gray",
            "matched_product_id": "42083",
            "match_type": "similar",
            "confidence": 0.8709999918937683
        },
        {
            "frame": 45,
            "type": "dress",
            "color": "Bone",
            "matched_product_id": "16084",
            "match_type": "similar",
            "confidence": 0.8679999709129333
        },
        {
            "frame": 57,
            "type": "shoes",
            "color": "Grullo",
            "matched_product_id": "16459",
            "match_type": "exact",
            "confidence": 0.972000002861023
        },
        {
            "frame": 57,
            "type": "dress",
            "color": "Platinum",
            "matched_product_id": "118441",
            "match_type": "similar",
            "confidence": 0.8519999980926514
        },
        {
            "frame": 57,
            "type": "shoes",
            "color": "Gray (Html/Css Gray)",
            "matched_product_id": "16984",
            "match_type": "exact",
            "confidence": 0.9309999942779541
        },
        {
            "frame": 68,
            "type": "shoes",
            "color": "Cinereous",
            "matched_product_id": "17071",
            "match_type": "exact",
            "confidence": 0.9670000076293945
        },
        {
            "frame": 68,
            "type": "shoes",
            "color": "Ash Grey",
            "matched_product_id": "42041",
            "match_type": "exact",
            "confidence": 0.9520000219345093
        },
        {
            "frame": 68,
            "type": "dress",
            "color": "Timberwolf",
            "matched_product_id": "17291",
            "match_type": "similar",
            "confidence": 0.8510000109672546
        },
        {
            "frame": 68,
            "type": "shoes",
            "color": "Ash Grey",
            "matched_product_id": "42041",
            "match_type": "exact",
            "confidence": 0.9589999914169312
        },
        {
            "frame": 79,
            "type": "accessory",
            "color": "Dark Jungle Green",
            "matched_product_id": "15918",
            "match_type": "exact",
            "confidence": 0.921999990940094
        },
        {
            "frame": 79,
            "type": "bottom",
            "color": "Smoky Black",
            "matched_product_id": "15053",
            "match_type": "exact",
            "confidence": 0.9570000171661377
        },
        {
            "frame": 79,
            "type": "accessory",
            "color": "Pastel Pink",
            "matched_product_id": "16293",
            "match_type": "similar",
            "confidence": 0.828000009059906
        },
        {
            "frame": 79,
            "type": "top",
            "color": "Black Olive",
            "matched_product_id": "118443",
            "match_type": "similar",
            "confidence": 0.8629999756813049
        },
        {
            "frame": 91,
            "type": "accessory",
            "color": "Dark Jungle Green",
            "matched_product_id": "42037",
            "match_type": "exact",
            "confidence": 0.9259999990463257
        },
        {
            "frame": 91,
            "type": "bottom",
            "color": "Smoky Black",
            "matched_product_id": "15913",
            "match_type": "exact",
            "confidence": 0.9470000267028809
        },
        {
            "frame": 91,
            "type": "accessory",
            "color": "Pastel Pink",
            "matched_product_id": "16063",
            "match_type": "similar",
            "confidence": 0.8489999771118164
        },
        {
            "frame": 91,
            "type": "bottom",
            "color": "Smoky Black",
            "matched_product_id": "42068",
            "match_type": "exact",
            "confidence": 0.9150000214576721
        },
        {
            "frame": 91,
            "type": "top",
            "color": "Black Olive",
            "matched_product_id": "118443",
            "match_type": "similar",
            "confidence": 0.8970000147819519
        },
        {
            "frame": 125,
            "type": "accessory",
            "color": "Licorice",
            "matched_product_id": "42037",
            "match_type": "exact",
            "confidence": 0.9160000085830688
        },
        {
            "frame": 125,
            "type": "dress",
            "color": "Prussian Blue",
            "matched_product_id": "16887",
            "match_type": "exact",
            "confidence": 0.9020000100135803
        },
        {
            "frame": 125,
            "type": "bottom",
            "color": "Oxford Blue",
            "matched_product_id": "42035",
            "match_type": "similar",
            "confidence": 0.8949999809265137
        },
        {
            "frame": 125,
            "type": "top",
            "color": "Rich Black",
            "matched_product_id": "16527",
            "match_type": "similar",
            "confidence": 0.8769999742507935
        },
        {
            "frame": 137,
            "type": "accessory",
            "color": "Licorice",
            "matched_product_id": "42037",
            "match_type": "exact",
            "confidence": 0.9309999942779541
        },
        {
            "frame": 137,
            "type": "dress",
            "color": "Oxford Blue",
            "matched_product_id": "15279",
            "match_type": "exact",
            "confidence": 0.9049999713897705
        },
        {
            "frame": 137,
            "type": "bottom",
            "color": "Oxford Blue",
            "matched_product_id": "17089",
            "match_type": "similar",
            "confidence": 0.8600000143051147
        },
        {
            "frame": 137,
            "type": "top",
            "color": "Rich Black",
            "matched_product_id": "16527",
            "match_type": "similar",
            "confidence": 0.8690000176429749
        },
        {
            "frame": 148,
            "type": "accessory",
            "color": "Licorice",
            "matched_product_id": "42037",
            "match_type": "exact",
            "confidence": 0.9039999842643738
        },
        {
            "frame": 148,
            "type": "dress",
            "color": "Oxford Blue",
            "matched_product_id": "15279",
            "match_type": "exact",
            "confidence": 0.9079999923706055
        },
        {
            "frame": 148,
            "type": "bottom",
            "color": "Oxford Blue",
            "matched_product_id": "17089",
            "match_type": "exact",
            "confidence": 0.9020000100135803
        },
        {
            "frame": 148,
            "type": "top",
            "color": "Rich Black",
            "matched_product_id": "17162",
            "match_type": "similar",
            "confidence": 0.8610000014305115
        },
        {
            "frame": 159,
            "type": "dress",
            "color": "Bone",
            "matched_product_id": "16110",
            "match_type": "similar",
            "confidence": 0.8130000233650208
        },
        {
            "frame": 159,
            "type": "dress",
            "color": "Bone",
            "matched_product_id": "42029",
            "match_type": "similar",
            "confidence": 0.878000020980835
        },
        {
            "frame": 171,
            "type": "shoes",
            "color": "Beaver",
            "matched_product_id": "16353",
            "match_type": "exact",
            "confidence": 0.9700000286102295
        },
        {
            "frame": 171,
            "type": "shoes",
            "color": "Misty Rose",
            "matched_product_id": "16260",
            "match_type": "exact",
            "confidence": 0.9610000252723694
        },
        {
            "frame": 171,
            "type": "accessory",
            "color": "Almond",
            "matched_product_id": "16393",
            "match_type": "exact",
            "confidence": 0.9190000295639038
        },
        {
            "frame": 171,
            "type": "dress",
            "color": "Smoky Black",
            "matched_product_id": "116105",
            "match_type": "similar",
            "confidence": 0.8980000019073486
        },
        {
            "frame": 182,
            "type": "dress",
            "color": "Isabelline",
            "matched_product_id": "16915",
            "match_type": "similar",
            "confidence": 0.8949999809265137
        },
        {
            "frame": 194,
            "type": "dress",
            "color": "Isabelline",
            "matched_product_id": "118462",
            "match_type": "exact",
            "confidence": 0.906000018119812
        },
        {
            "frame": 205,
            "type": "dress",
            "color": "Dark Jungle Green",
            "matched_product_id": "15599",
            "match_type": "exact",
            "confidence": 0.902999997138977
        },
        {
            "frame": 216,
            "type": "dress",
            "color": "Dark Jungle Green",
            "matched_product_id": "15599",
            "match_type": "similar",
            "confidence": 0.8529999852180481
        },
        {
            "frame": 228,
            "type": "dress",
            "color": "Dark Jungle Green",
            "matched_product_id": "15567",
            "match_type": "similar",
            "confidence": 0.8790000081062317
        },
        {
            "frame": 239,
            "type": "dress",
            "color": "Dark Jungle Green",
            "matched_product_id": "17271",
            "match_type": "similar",
            "confidence": 0.8420000076293945
        }
    ]
}