{
    "video_id": "2025-05-27_13-46-16_UTC",
    "vibes": [
        "Coquette",
        "Boho,"
    ],
    "products": [
        {
            "frame": 0,
            "type": "dress",
            "color": "Umber",
            "matched_product_id": "15105",
            "match_type": "similar",
            "confidence": 0.8220000267028809
        },
        {
            "frame": 0,
            "type": "bottom",
            "color": "Umber",
            "matched_product_id": "17021",
            "match_type": "exact",
            "confidence": 0.9079999923706055
        },
        {
            "frame": 0,
            "type": "top",
            "color": "Smoky Black",
            "matched_product_id": "15102",
            "match_type": "similar",
            "confidence": 0.8550000190734863
        },
        {
            "frame": 18,
            "type": "dress",
            "color": "Umber",
            "matched_product_id": "42055",
            "match_type": "similar",
            "confidence": 0.8309999704360962
        },
        {
            "frame": 18,
            "type": "bottom",
            "color": "Umber",
            "matched_product_id": "42035",
            "match_type": "similar",
            "confidence": 0.8730000257492065
        },
        {
            "frame": 74,
            "type": "accessory",
            "color": "Licorice",
            "matched_product_id": "16357",
            "match_type": "similar",
            "confidence": 0.8240000009536743
        },
        {
            "frame": 74,
            "type": "bottom",
            "color": "Dark Jungle Green",
            "matched_product_id": "42095",
            "match_type": "similar",
            "confidence": 0.8920000195503235
        },
        {
            "frame": 93,
            "type": "top",
            "color": "Dark Jungle Green",
            "matched_product_id": "118464",
            "match_type": "similar",
            "confidence": 0.8539999723434448
        },
        {
            "frame": 112,
            "type": "dress",
            "color": "Dark Jungle Green",
            "matched_product_id": "17068",
            "match_type": "similar",
            "confidence": 0.8420000076293945
        },
        {
            "frame": 130,
            "type": "accessory",
            "color": "Dark Chestnut",
            "matched_product_id": "42069",
            "match_type": "exact",
            "confidence": 0.9010000228881836
        },
        {
            "frame": 130,
            "type": "bottom",
            "color": "Smoky Black",
            "matched_product_id": "15403",
            "match_type": "similar",
            "confidence": 0.8629999756813049
        },
        {
            "frame": 130,
            "type": "bottom",
            "color": "Smoky Black",
            "matched_product_id": "15403",
            "match_type": "similar",
            "confidence": 0.8899999856948853
        },
        {
            "frame": 130,
            "type": "accessory",
            "color": "Pastel Brown",
            "matched_product_id": "116103",
            "match_type": "exact",
            "confidence": 0.921999990940094
        },
        {
            "frame": 130,
            "type": "top",
            "color": "Black Leather Jacket",
            "matched_product_id": "15102",
            "match_type": "similar",
            "confidence": 0.8479999899864197
        },
        {
            "frame": 149,
            "type": "accessory",
            "color": "Bazaar",
            "matched_product_id": "42082",
            "match_type": "exact",
            "confidence": 0.9520000219345093
        },
        {
            "frame": 149,
            "type": "bottom",
            "color": "Smoky Black",
            "matched_product_id": "15403",
            "match_type": "similar",
            "confidence": 0.8669999837875366
        },
        {
            "frame": 149,
            "type": "top",
            "color": "Dark Jungle Green",
            "matched_product_id": "118443",
            "match_type": "similar",
            "confidence": 0.8529999852180481
        },
        {
            "frame": 168,
            "type": "top",
            "color": "Smoky Black",
            "matched_product_id": "15284",
            "match_type": "similar",
            "confidence": 0.7609999775886536
        },
        {
            "frame": 224,
            "type": "shoes",
            "color": "Dark Gray",
            "matched_product_id": "42053",
            "match_type": "similar",
            "confidence": 0.7839999794960022
        },
        {
            "frame": 224,
            "type": "shoes",
            "color": "Licorice",
            "matched_product_id": "42053",
            "match_type": "similar",
            "confidence": 0.8109999895095825
        },
        {
            "frame": 224,
            "type": "shoes",
            "color": "Licorice",
            "matched_product_id": "15831",
            "match_type": "similar",
            "confidence": 0.8529999852180481
        },
        {
            "frame": 224,
            "type": "shoes",
            "color": "Smoky Black",
            "matched_product_id": "15132",
            "match_type": "similar",
            "confidence": 0.8489999771118164
        },
        {
            "frame": 243,
            "type": "shoes",
            "color": "Bistre",
            "matched_product_id": "42053",
            "match_type": "similar",
            "confidence": 0.8080000281333923
        },
        {
            "frame": 243,
            "type": "shoes",
            "color": "Bistre",
            "matched_product_id": "15831",
            "match_type": "similar",
            "confidence": 0.8679999709129333
        },
        {
            "frame": 243,
            "type": "shoes",
            "color": "Licorice",
            "matched_product_id": "15152",
            "match_type": "similar",
            "confidence": 0.7929999828338623
        },
        {
            "frame": 261,
            "type": "bottom",
            "color": "Grullo",
            "matched_product_id": "14998",
            "match_type": "exact",
            "confidence": 0.9129999876022339
        },
        {
            "frame": 261,
            "type": "top",
            "color": "Smoky Black",
            "matched_product_id": "15102",
            "match_type": "similar",
            "confidence": 0.7760000228881836
        },
        {
            "frame": 318,
            "type": "accessory",
            "color": "Old Lavender",
            "matched_product_id": "116104",
            "match_type": "exact",
            "confidence": 0.9150000214576721
        },
        {
            "frame": 318,
            "type": "dress",
            "color": "Licorice",
            "matched_product_id": "15381",
            "match_type": "similar",
            "confidence": 0.8190000057220459
        },
        {
            "frame": 318,
            "type": "bottom",
            "color": "Smoky Black",
            "matched_product_id": "17107",
            "match_type": "similar",
            "confidence": 0.8539999723434448
        },
        {
            "frame": 336,
            "type": "dress",
            "color": "Platinum",
            "matched_product_id": "15918",
            "match_type": "similar",
            "confidence": 0.8560000061988831
        },
        {
            "frame": 336,
            "type": "bottom",
            "color": "Black Leather Jacket",
            "matched_product_id": "15259",
            "match_type": "similar",
            "confidence": 0.890999972820282
        }
    ]
}