{
    "video_id": "2025-06-02_11-31-19_UTC",
    "vibes": [
        "Boho",
        " Clean Girl"
    ],
    "products": [
        {
            "frame": 241,
            "type": "accessory",
            "color": "Pale Taupe",
            "matched_product_id": "15510",
            "match_type": "exact",
            "confidence": 0.9369999766349792
        },
        {
            "frame": 241,
            "type": "bottom",
            "color": "Onyx",
            "matched_product_id": "15403",
            "match_type": "similar",
            "confidence": 0.800000011920929
        },
        {
            "frame": 362,
            "type": "dress",
            "color": "Medium Jungle Green",
            "matched_product_id": "97549",
            "match_type": "similar",
            "confidence": 0.7519999742507935
        },
        {
            "frame": 362,
            "type": "bottom",
            "color": "Msu Green",
            "matched_product_id": "15105",
            "match_type": "similar",
            "confidence": 0.7720000147819519
        },
        {
            "frame": 362,
            "type": "top",
            "color": "Dark Jungle Green",
            "matched_product_id": "15272",
            "match_type": "similar",
            "confidence": 0.871999979019165
        },
        {
            "frame": 1328,
            "type": "bottom",
            "color": "Wenge",
            "matched_product_id": "42115",
            "match_type": "similar",
            "confidence": 0.8769999742507935
        },
        {
            "frame": 1449,
            "type": "dress",
            "color": "Charcoal",
            "matched_product_id": "97556",
            "match_type": "similar",
            "confidence": 0.7720000147819519
        },
        {
            "frame": 1570,
            "type": "accessory",
            "color": "Light Taupe",
            "matched_product_id": "15503",
            "match_type": "similar",
            "confidence": 0.890999972820282
        },
        {
            "frame": 1570,
            "type": "shoes",
            "color": "Blast-Off Bronze",
            "matched_product_id": "15503",
            "match_type": "similar",
            "confidence": 0.8830000162124634
        },
        {
            "frame": 2174,
            "type": "top",
            "color": "Dark Jungle Green",
            "matched_product_id": "17010",
            "match_type": "exact",
            "confidence": 0.9129999876022339
        },
        {
            "frame": 2174,
            "type": "top",
            "color": "Dark Jungle Green",
            "matched_product_id": "16508",
            "match_type": "exact",
            "confidence": 0.906000018119812
        },
        {
            "frame": 2174,
            "type": "bottom",
            "color": "Davy'S Grey",
            "matched_product_id": "116103",
            "match_type": "similar",
            "confidence": 0.7860000133514404
        },
        {
            "frame": 2295,
            "type": "dress",
            "color": "Medium Jungle Green",
            "matched_product_id": "16548",
            "match_type": "similar",
            "confidence": 0.777999997138977
        }
    ]
}