{
    "video_id": "2025-05-28_13-42-32_UTC",
    "vibes": [
        "Coquette",
        "Y2K",
        "Party Glam"
    ],
    "products": [
        {
            "frame": 0,
            "type": "dress",
            "color": "Cinereous",
            "matched_product_id": "16720",
            "match_type": "similar",
            "confidence": 0.8140000104904175
        },
        {
            "frame": 0,
            "type": "top",
            "color": "Light Gray",
            "matched_product_id": "42055",
            "match_type": "similar",
            "confidence": 0.8930000066757202
        },
        {
            "frame": 0,
            "type": "bag",
            "color": "Gray (X11 Gray)",
            "matched_product_id": "17103",
            "match_type": "similar",
            "confidence": 0.8339999914169312
        },
        {
            "frame": 0,
            "type": "bag",
            "color": "Pale Silver",
            "matched_product_id": "16720",
            "match_type": "similar",
            "confidence": 0.777999997138977
        },
        {
            "frame": 0,
            "type": "top",
            "color": "Pastel Gray",
            "matched_product_id": "42055",
            "match_type": "exact",
            "confidence": 0.9100000262260437
        },
        {
            "frame": 31,
            "type": "dress",
            "color": "Old Rose",
            "matched_product_id": "15759",
            "match_type": "similar",
            "confidence": 0.8289999961853027
        },
        {
            "frame": 62,
            "type": "dress",
            "color": "Baby Pink",
            "matched_product_id": "16555",
            "match_type": "similar",
            "confidence": 0.8299999833106995
        },
        {
            "frame": 93,
            "type": "dress",
            "color": "Blast-Off Bronze",
            "matched_product_id": "15487",
            "match_type": "similar",
            "confidence": 0.7730000019073486
        },
        {
            "frame": 125,
            "type": "dress",
            "color": "Pale Chestnut",
            "matched_product_id": "15305",
            "match_type": "similar",
            "confidence": 0.8009999990463257
        },
        {
            "frame": 156,
            "type": "accessory",
            "color": "Pale Chestnut",
            "matched_product_id": "42037",
            "match_type": "similar",
            "confidence": 0.8970000147819519
        },
        {
            "frame": 156,
            "type": "accessory",
            "color": "Pale Silver",
            "matched_product_id": "42041",
            "match_type": "similar",
            "confidence": 0.8650000095367432
        },
        {
            "frame": 156,
            "type": "dress",
            "color": "Dark Chestnut",
            "matched_product_id": "15487",
            "match_type": "similar",
            "confidence": 0.800000011920929
        },
        {
            "frame": 187,
            "type": "dress",
            "color": "Beaver",
            "matched_product_id": "42083",
            "match_type": "similar",
            "confidence": 0.8019999861717224
        },
        {
            "frame": 219,
            "type": "dress",
            "color": "Copper Penny",
            "matched_product_id": "15487",
            "match_type": "similar",
            "confidence": 0.7940000295639038
        },
        {
            "frame": 250,
            "type": "dress",
            "color": "Pale Chestnut",
            "matched_product_id": "42083",
            "match_type": "similar",
            "confidence": 0.8510000109672546
        },
        {
            "frame": 281,
            "type": "dress",
            "color": "Blast-Off Bronze",
            "matched_product_id": "42083",
            "match_type": "similar",
            "confidence": 0.7960000038146973
        },
        {
            "frame": 438,
            "type": "shoes",
            "color": "Beaver",
            "matched_product_id": "42031",
            "match_type": "exact",
            "confidence": 0.9629999995231628
        },
        {
            "frame": 438,
            "type": "shoes",
            "color": "Beaver",
            "matched_product_id": "42039",
            "match_type": "exact",
            "confidence": 0.953000009059906
        },
        {
            "frame": 438,
            "type": "dress",
            "color": "Pale Chestnut",
            "matched_product_id": "116107",
            "match_type": "similar",
            "confidence": 0.8199999928474426
        },
        {
            "frame": 438,
            "type": "shoes",
            "color": "Cinereous",
            "matched_product_id": "42050",
            "match_type": "exact",
            "confidence": 0.9599999785423279
        },
        {
            "frame": 469,
            "type": "shoes",
            "color": "Dark Chestnut",
            "matched_product_id": "15805",
            "match_type": "exact",
            "confidence": 0.949999988079071
        },
        {
            "frame": 469,
            "type": "shoes",
            "color": "Coffee",
            "matched_product_id": "16628",
            "match_type": "exact",
            "confidence": 0.9679999947547913
        },
        {
            "frame": 469,
            "type": "dress",
            "color": "Pale Chestnut",
            "matched_product_id": "42032",
            "match_type": "similar",
            "confidence": 0.8080000281333923
        },
        {
            "frame": 469,
            "type": "top",
            "color": "Sand",
            "matched_product_id": "17091",
            "match_type": "similar",
            "confidence": 0.7829999923706055
        },
        {
            "frame": 500,
            "type": "dress",
            "color": "Old Rose",
            "matched_product_id": "42075",
            "match_type": "similar",
            "confidence": 0.7879999876022339
        },
        {
            "frame": 531,
            "type": "shoes",
            "color": "Light Taupe",
            "matched_product_id": "15421",
            "match_type": "exact",
            "confidence": 0.9559999704360962
        },
        {
            "frame": 531,
            "type": "dress",
            "color": "Pale Chestnut",
            "matched_product_id": "42075",
            "match_type": "similar",
            "confidence": 0.859000027179718
        },
        {
            "frame": 531,
            "type": "dress",
            "color": "Pale Chestnut",
            "matched_product_id": "42075",
            "match_type": "similar",
            "confidence": 0.8349999785423279
        },
        {
            "frame": 563,
            "type": "shoes",
            "color": "Tuscan Red",
            "matched_product_id": "42082",
            "match_type": "exact",
            "confidence": 0.9179999828338623
        },
        {
            "frame": 563,
            "type": "shoes",
            "color": "Jet",
            "matched_product_id": "42060",
            "match_type": "exact",
            "confidence": 0.925000011920929
        },
        {
            "frame": 594,
            "type": "accessory",
            "color": "Purple Taupe",
            "matched_product_id": "42032",
            "match_type": "similar",
            "confidence": 0.8640000224113464
        },
        {
            "frame": 688,
            "type": "accessory",
            "color": "Light Taupe",
            "matched_product_id": "15552",
            "match_type": "similar",
            "confidence": 0.8970000147819519
        },
        {
            "frame": 719,
            "type": "accessory",
            "color": "Pale Taupe",
            "matched_product_id": "97542",
            "match_type": "exact",
            "confidence": 0.9520000219345093
        },
        {
            "frame": 751,
            "type": "dress",
            "color": "Copper Rose",
            "matched_product_id": "42083",
            "match_type": "similar",
            "confidence": 0.7599999904632568
        }
    ]
}