{
    "video_id": "2025-05-28_13-40-09_UTC",
    "vibes": [
        "Coquette",
        "Cottagecore",
        "Boho"
    ],
    "products": [
        {
            "frame": 72,
            "type": "dress",
            "color": "Battleship Grey",
            "matched_product_id": "42033",
            "match_type": "similar",
            "confidence": 0.8100000023841858
        },
        {
            "frame": 96,
            "type": "dress",
            "color": "Silver",
            "matched_product_id": "15594",
            "match_type": "similar",
            "confidence": 0.7509999871253967
        },
        {
            "frame": 96,
            "type": "bottom",
            "color": "Light Gray",
            "matched_product_id": "17021",
            "match_type": "similar",
            "confidence": 0.875
        },
        {
            "frame": 96,
            "type": "dress",
            "color": "Dark Gray",
            "matched_product_id": "15614",
            "match_type": "similar",
            "confidence": 0.8510000109672546
        },
        {
            "frame": 120,
            "type": "shoes",
            "color": "Khaki (Html/Css) (Khaki)",
            "matched_product_id": "17011",
            "match_type": "exact",
            "confidence": 0.9629999995231628
        },
        {
            "frame": 120,
            "type": "dress",
            "color": "Pastel Gray",
            "matched_product_id": "17289",
            "match_type": "similar",
            "confidence": 0.8379999995231628
        },
        {
            "frame": 145,
            "type": "dress",
            "color": "Platinum",
            "matched_product_id": "15631",
            "match_type": "similar",
            "confidence": 0.8769999742507935
        },
        {
            "frame": 169,
            "type": "dress",
            "color": "Gainsboro",
            "matched_product_id": "42055",
            "match_type": "similar",
            "confidence": 0.8289999961853027
        },
        {
            "frame": 193,
            "type": "accessory",
            "color": "Dark Taupe",
            "matched_product_id": "15314",
            "match_type": "similar",
            "confidence": 0.878000020980835
        },
        {
            "frame": 193,
            "type": "top",
            "color": "Pastel Gray",
            "matched_product_id": "15001",
            "match_type": "similar",
            "confidence": 0.8510000109672546
        },
        {
            "frame": 217,
            "type": "accessory",
            "color": "Khaki (Html/Css) (Khaki)",
            "matched_product_id": "15314",
            "match_type": "similar",
            "confidence": 0.8230000138282776
        },
        {
            "frame": 217,
            "type": "dress",
            "color": "Coffee",
            "matched_product_id": "15413",
            "match_type": "similar",
            "confidence": 0.7860000133514404
        },
        {
            "frame": 217,
            "type": "accessory",
            "color": "Rosy Brown",
            "matched_product_id": "15314",
            "match_type": "similar",
            "confidence": 0.878000020980835
        },
        {
            "frame": 217,
            "type": "bag",
            "color": "Coffee",
            "matched_product_id": "116106",
            "match_type": "similar",
            "confidence": 0.8420000076293945
        },
        {
            "frame": 217,
            "type": "bag",
            "color": "Xanadu",
            "matched_product_id": "15480",
            "match_type": "similar",
            "confidence": 0.8460000157356262
        },
        {
            "frame": 217,
            "type": "bag",
            "color": "Coffee",
            "matched_product_id": "15480",
            "match_type": "similar",
            "confidence": 0.8320000171661377
        },
        {
            "frame": 241,
            "type": "dress",
            "color": "Cinereous",
            "matched_product_id": "16720",
            "match_type": "similar",
            "confidence": 0.824999988079071
        },
        {
            "frame": 241,
            "type": "accessory",
            "color": "Dark Taupe",
            "matched_product_id": "15314",
            "match_type": "similar",
            "confidence": 0.8600000143051147
        },
        {
            "frame": 241,
            "type": "bag",
            "color": "Russet",
            "matched_product_id": "15521",
            "match_type": "similar",
            "confidence": 0.8830000162124634
        },
        {
            "frame": 241,
            "type": "bag",
            "color": "Light Taupe",
            "matched_product_id": "17324",
            "match_type": "similar",
            "confidence": 0.8840000033378601
        },
        {
            "frame": 265,
            "type": "bag",
            "color": "Raw Umber",
            "matched_product_id": "15729",
            "match_type": "similar",
            "confidence": 0.8700000047683716
        },
        {
            "frame": 265,
            "type": "accessory",
            "color": "Pale Chestnut",
            "matched_product_id": "16867",
            "match_type": "similar",
            "confidence": 0.8569999933242798
        },
        {
            "frame": 265,
            "type": "top",
            "color": "Gainsboro",
            "matched_product_id": "15333",
            "match_type": "similar",
            "confidence": 0.8299999833106995
        },
        {
            "frame": 265,
            "type": "bag",
            "color": "Raw Umber",
            "matched_product_id": "15025",
            "match_type": "similar",
            "confidence": 0.875
        },
        {
            "frame": 290,
            "type": "bag",
            "color": "Coffee",
            "matched_product_id": "15025",
            "match_type": "similar",
            "confidence": 0.8960000276565552
        },
        {
            "frame": 290,
            "type": "dress",
            "color": "Wenge",
            "matched_product_id": "16720",
            "match_type": "similar",
            "confidence": 0.8090000152587891
        },
        {
            "frame": 314,
            "type": "bag",
            "color": "Umber",
            "matched_product_id": "17309",
            "match_type": "similar",
            "confidence": 0.8059999942779541
        },
        {
            "frame": 314,
            "type": "accessory",
            "color": "Deep Coffee",
            "matched_product_id": "16980",
            "match_type": "exact",
            "confidence": 0.906000018119812
        },
        {
            "frame": 314,
            "type": "dress",
            "color": "Pastel Brown",
            "matched_product_id": "16966",
            "match_type": "similar",
            "confidence": 0.7910000085830688
        },
        {
            "frame": 314,
            "type": "accessory",
            "color": "Deep Coffee",
            "matched_product_id": "42037",
            "match_type": "similar",
            "confidence": 0.8989999890327454
        },
        {
            "frame": 314,
            "type": "bag",
            "color": "Coffee",
            "matched_product_id": "42034",
            "match_type": "similar",
            "confidence": 0.8759999871253967
        },
        {
            "frame": 338,
            "type": "shoes",
            "color": "Antique Brass",
            "matched_product_id": "16685",
            "match_type": "exact",
            "confidence": 0.9520000219345093
        },
        {
            "frame": 338,
            "type": "shoes",
            "color": "Khaki (Html/Css) (Khaki)",
            "matched_product_id": "16685",
            "match_type": "exact",
            "confidence": 0.9449999928474426
        },
        {
            "frame": 338,
            "type": "shoes",
            "color": "Antique Brass",
            "matched_product_id": "16353",
            "match_type": "exact",
            "confidence": 0.9710000157356262
        },
        {
            "frame": 338,
            "type": "dress",
            "color": "Bone",
            "matched_product_id": "42075",
            "match_type": "similar",
            "confidence": 0.828000009059906
        },
        {
            "frame": 362,
            "type": "accessory",
            "color": "Cordovan",
            "matched_product_id": "42037",
            "match_type": "similar",
            "confidence": 0.8980000019073486
        },
        {
            "frame": 362,
            "type": "dress",
            "color": "Dark Gray",
            "matched_product_id": "42039",
            "match_type": "similar",
            "confidence": 0.8209999799728394
        },
        {
            "frame": 362,
            "type": "bag",
            "color": "Chamoisee",
            "matched_product_id": "15541",
            "match_type": "exact",
            "confidence": 0.902999997138977
        },
        {
            "frame": 386,
            "type": "bag",
            "color": "Light Taupe",
            "matched_product_id": "42034",
            "match_type": "similar",
            "confidence": 0.859000027179718
        },
        {
            "frame": 386,
            "type": "dress",
            "color": "Grullo",
            "matched_product_id": "16720",
            "match_type": "similar",
            "confidence": 0.824999988079071
        },
        {
            "frame": 386,
            "type": "accessory",
            "color": "Caf\u00e9 Noir",
            "matched_product_id": "116107",
            "match_type": "exact",
            "confidence": 0.9139999747276306
        },
        {
            "frame": 410,
            "type": "shoes",
            "color": "Dark Taupe",
            "matched_product_id": "16628",
            "match_type": "exact",
            "confidence": 0.9520000219345093
        },
        {
            "frame": 410,
            "type": "shoes",
            "color": "Beaver",
            "matched_product_id": "16609",
            "match_type": "exact",
            "confidence": 0.9700000286102295
        },
        {
            "frame": 410,
            "type": "shoes",
            "color": "Khaki (Html/Css) (Khaki)",
            "matched_product_id": "15012",
            "match_type": "exact",
            "confidence": 0.9610000252723694
        },
        {
            "frame": 410,
            "type": "shoes",
            "color": "Pale Taupe",
            "matched_product_id": "16260",
            "match_type": "exact",
            "confidence": 0.9570000171661377
        },
        {
            "frame": 410,
            "type": "dress",
            "color": "Pastel Gray",
            "matched_product_id": "97544",
            "match_type": "similar",
            "confidence": 0.8529999852180481
        },
        {
            "frame": 435,
            "type": "accessory",
            "color": "Tuscan Red",
            "matched_product_id": "16980",
            "match_type": "similar",
            "confidence": 0.8840000033378601
        },
        {
            "frame": 435,
            "type": "dress",
            "color": "Pastel Brown",
            "matched_product_id": "15092",
            "match_type": "similar",
            "confidence": 0.8140000104904175
        },
        {
            "frame": 459,
            "type": "bag",
            "color": "Dark Sienna",
            "matched_product_id": "15940",
            "match_type": "exact",
            "confidence": 0.9150000214576721
        },
        {
            "frame": 459,
            "type": "accessory",
            "color": "Seal Brown",
            "matched_product_id": "42040",
            "match_type": "similar",
            "confidence": 0.8640000224113464
        },
        {
            "frame": 459,
            "type": "dress",
            "color": "Pastel Brown",
            "matched_product_id": "15444",
            "match_type": "similar",
            "confidence": 0.8209999799728394
        },
        {
            "frame": 459,
            "type": "bag",
            "color": "Bistre",
            "matched_product_id": "15940",
            "match_type": "similar",
            "confidence": 0.8820000290870667
        },
        {
            "frame": 459,
            "type": "bag",
            "color": "Medium Taupe",
            "matched_product_id": "97541",
            "match_type": "similar",
            "confidence": 0.8489999771118164
        },
        {
            "frame": 483,
            "type": "accessory",
            "color": "Desert Sand",
            "matched_product_id": "16980",
            "match_type": "similar",
            "confidence": 0.8460000157356262
        },
        {
            "frame": 483,
            "type": "accessory",
            "color": "Desert Sand",
            "matched_product_id": "15314",
            "match_type": "exact",
            "confidence": 0.9049999713897705
        },
        {
            "frame": 483,
            "type": "bottom",
            "color": "Timberwolf",
            "matched_product_id": "15426",
            "match_type": "similar",
            "confidence": 0.8820000290870667
        },
        {
            "frame": 483,
            "type": "accessory",
            "color": "Desert Sand",
            "matched_product_id": "16980",
            "match_type": "similar",
            "confidence": 0.8349999785423279
        },
        {
            "frame": 483,
            "type": "accessory",
            "color": "Blast-Off Bronze",
            "matched_product_id": "15290",
            "match_type": "similar",
            "confidence": 0.8679999709129333
        },
        {
            "frame": 483,
            "type": "accessory",
            "color": "Copper Penny",
            "matched_product_id": "42037",
            "match_type": "similar",
            "confidence": 0.8320000171661377
        },
        {
            "frame": 483,
            "type": "dress",
            "color": "Timberwolf",
            "matched_product_id": "42039",
            "match_type": "similar",
            "confidence": 0.8080000281333923
        },
        {
            "frame": 507,
            "type": "bag",
            "color": "Ruddy Brown",
            "matched_product_id": "42084",
            "match_type": "similar",
            "confidence": 0.8740000128746033
        },
        {
            "frame": 507,
            "type": "bag",
            "color": "Ruddy Brown",
            "matched_product_id": "42118",
            "match_type": "similar",
            "confidence": 0.8370000123977661
        },
        {
            "frame": 507,
            "type": "shoes",
            "color": "Beaver",
            "matched_product_id": "15805",
            "match_type": "exact",
            "confidence": 0.9599999785423279
        },
        {
            "frame": 507,
            "type": "shoes",
            "color": "Beaver",
            "matched_product_id": "15012",
            "match_type": "exact",
            "confidence": 0.9539999961853027
        },
        {
            "frame": 507,
            "type": "dress",
            "color": "Timberwolf",
            "matched_product_id": "42039",
            "match_type": "similar",
            "confidence": 0.8349999785423279
        },
        {
            "frame": 507,
            "type": "bag",
            "color": "Ruddy Brown",
            "matched_product_id": "42084",
            "match_type": "similar",
            "confidence": 0.8889999985694885
        },
        {
            "frame": 531,
            "type": "accessory",
            "color": "Ruddy Pink",
            "matched_product_id": "16025",
            "match_type": "similar",
            "confidence": 0.8349999785423279
        },
        {
            "frame": 531,
            "type": "shoes",
            "color": "Beaver",
            "matched_product_id": "16293",
            "match_type": "exact",
            "confidence": 0.9430000185966492
        },
        {
            "frame": 531,
            "type": "shoes",
            "color": "Tan",
            "matched_product_id": "42069",
            "match_type": "exact",
            "confidence": 0.9589999914169312
        },
        {
            "frame": 531,
            "type": "shoes",
            "color": "Tumbleweed",
            "matched_product_id": "16293",
            "match_type": "exact",
            "confidence": 0.9490000009536743
        },
        {
            "frame": 531,
            "type": "shoes",
            "color": "Khaki (Html/Css) (Khaki)",
            "matched_product_id": "16353",
            "match_type": "similar",
            "confidence": 0.8640000224113464
        },
        {
            "frame": 531,
            "type": "shoes",
            "color": "Tumbleweed",
            "matched_product_id": "16353",
            "match_type": "exact",
            "confidence": 0.9559999704360962
        },
        {
            "frame": 531,
            "type": "shoes",
            "color": "Pale Taupe",
            "matched_product_id": "16353",
            "match_type": "exact",
            "confidence": 0.9089999794960022
        },
        {
            "frame": 531,
            "type": "bag",
            "color": "Purple Taupe",
            "matched_product_id": "15480",
            "match_type": "similar",
            "confidence": 0.8479999899864197
        },
        {
            "frame": 531,
            "type": "bag",
            "color": "Purple Taupe",
            "matched_product_id": "16084",
            "match_type": "similar",
            "confidence": 0.8730000257492065
        },
        {
            "frame": 531,
            "type": "dress",
            "color": "Umber",
            "matched_product_id": "17107",
            "match_type": "similar",
            "confidence": 0.8510000109672546
        },
        {
            "frame": 555,
            "type": "accessory",
            "color": "Puce",
            "matched_product_id": "116107",
            "match_type": "exact",
            "confidence": 0.9160000085830688
        },
        {
            "frame": 555,
            "type": "dress",
            "color": "Pale Silver",
            "matched_product_id": "16720",
            "match_type": "similar",
            "confidence": 0.7889999747276306
        },
        {
            "frame": 555,
            "type": "bottom",
            "color": "Ash Grey",
            "matched_product_id": "15460",
            "match_type": "similar",
            "confidence": 0.8539999723434448
        },
        {
            "frame": 580,
            "type": "dress",
            "color": "Pale Silver",
            "matched_product_id": "15312",
            "match_type": "similar",
            "confidence": 0.8169999718666077
        },
        {
            "frame": 580,
            "type": "accessory",
            "color": "Bistre",
            "matched_product_id": "42112",
            "match_type": "similar",
            "confidence": 0.8889999985694885
        },
        {
            "frame": 580,
            "type": "bottom",
            "color": "Pale Silver",
            "matched_product_id": "16118",
            "match_type": "similar",
            "confidence": 0.8370000123977661
        }
    ]
}